{
    "adeq": {
      "p1": {
        "x": 101.83129119873047,
        "y": -263.7802734375,
        "z": 30.708972930908203
      },
      "p2": {
        "x": 101.83129119873047,
        "y": -263.7802734375,
        "z": -19.708972930908203
      },
      "p3": {
        "x": 101.83129119873047,
        "y": -263.7802734375,
        "z": 120.708972930908203
      },
      "p4": {
        "x": 47.306304931640625,
        "y": 210.08775329589844,
        "z": 107.67615509033203
      },
      "p5": {
        "x": 47.306304931640625,
        "y": 210.08775329589844,
        "z": -30.67615509033203
      }
    },
    "inadeq": {
      "p1": {
        "x": 101.83129119873047,
        "y": -263.7802734375,
        "z": 30.708972930908203
      },
      "p2": {
        "x": 101.83129119873047,
        "y": -263.7802734375,
        "z": -10.708972930908203
      },
      "p3": {
        "x": 101.83129119873047,
        "y": -263.7802734375,
        "z": 120.708972930908203
      },
      "p4": {
        "x": 219.55491638183594,
        "y": -82.54214477539062,
        "z": 73.68939208984375
      },
      "p5": {
        "x": 219.55491638183594,
        "y": -82.54214477539062,
        "z": -30.708972930908203
      }
    }
  }
  