{
    "adeq": {
      "p1": {
        "x": 123.63932800292969,
        "y": -281.4065246582031,
        "z": 129.6668701171875
      },
      "p2": {
        "x":122.05364990234375,
        "y":-305.84051513671875,
        "z":-30.430055618286133
      },
      "p3": {
        "x": 200.42344665527344,
        "y": -236.100341796875,
        "z": 150.12149047851562
      },
      "p4": {
        "x":229.22735595703125, 
        "y":-174.4182586669922, 
        "z":1.355712890625
      },
      "p5": {
        "x":187.9718017578125, 
        "y":-111.55786895751953,
        "z":154.48016357421875
        
      },
      "p6": {
        "x":212.24436950683594, 
        "y":-79.98410034179688, 
        "z":88.02153015136719
      },
      "p7": {
        "x": 191.60873413085938,
        "y": 158.91502380371094,
        "z":74.71066284179688 
      }
    },
    "inadeq": {
      "p1": {
        "x": 101.83129119873047,
        "y": -263.7802734375,
        "z": 30.708972930908203
      },
      "p2": {
        "x": 101.83129119873047,
        "y": -263.7802734375,
        "z": -10.708972930908203
      },
      "p3": {
        "x": 101.83129119873047,
        "y": -263.7802734375,
        "z": 120.708972930908203
      },
      "p4": {
        "x": 219.55491638183594,
        "y": -82.54214477539062,
        "z": 73.68939208984375
      },
      "p5": {
        "x": 219.55491638183594,
        "y": -82.54214477539062,
        "z": -30.708972930908203
      }
    }
  }
  