{
    "adeq": {
      "p1": {
        "x": 157.21327209472656,
        "y": -284.4144287109375,
        "z": 148.68756103515625
      },
      "p2": {
        "x":157.21327209472656,
        "y":-284.4144287109375,
        "z":-16.85769271850586
      },
      "p3": {
        "x": 157.21327209472656,
        "y": -284.4144287109375,
        "z": 148.68756103515625
      },
      "p4": {
        "x": 185.81578063964844,
        "y": -148.54661560058594,
        "z": 148.68756103515625,
        "r": 60
      },
      "p5": {

        "x":239.82315063476562,
        "y":-196.86936950683594, 
        "z":148.68756103515625
      },
      "p6": {
        "x":286.00921630859375, 
        "y":-103.46825408935547,
        "z":148.68756103515625,
        "r": 90
        
      },
      "p7": {
        "x":286.00921630859375, 
        "y":-103.46825408935547, 
        "z":-23.092737197875977
      },
      "p8": {
        "x": 191.60873413085938,
        "y": 158.91502380371094,
        "z":74.71066284179688 
      }
    },
    "inadeq": {
      "p1": {
        "x": 101.83129119873047,
        "y": -263.7802734375,
        "z": 30.708972930908203
      },
      "p2": {
        "x": 101.83129119873047,
        "y": -263.7802734375,
        "z": -10.708972930908203
      },
      "p3": {
        "x": 101.83129119873047,
        "y": -263.7802734375,
        "z": 120.708972930908203
      },
      "p4": {
        "x": 219.55491638183594,
        "y": -82.54214477539062,
        "z": 73.68939208984375
      },
      "p5": {
        "x": 219.55491638183594,
        "y": -82.54214477539062,
        "z": -30.708972930908203
      }
    }
  }
  