{
    "adeq": {
      "p1": {
        "x": 91.36293029785156,
        "y": -278.55133056640625,
        "z": 140.00000000000000
      },
      "p2": {
        "x": 91.36293029785156,
        "y": -278.55133056640625,
        "z":-40.00000000000000
      },
      "p3": {
        "x": 91.36293029785156,
        "y": -278.55133056640625,
        "z": 140.00000000000000
      },
      "p4": {
        "x": 185.81578063964844,
        "y": -148.54661560058594,
        "z": 145.00000000000000,
        "r": 30
      },
      "p5": {

        "x":239.82315063476562,
        "y":-196.86936950683594, 
        "z":145.00000000000000
      },

      "p6": {
        "x":179.18873596191406,
        "y":-132.44863891601562, 
        "z":140.00000000000000,
        "r": 90
      },

      "p7": {
        "x":77.73030853271484, 
        "y":232.73495483398438,
        "z":140.00000000000000
        
        
      },
      "p8": {
        "x":77.73030853271484, 
        "y":232.73495483398438, 
        "z":-23.092737197875977
      }
    },
    "inadeq": {
      "p1": {
        "x": 89.91451263427734,
        "y": -285.3113708496094,
        "z": 30.708972930908203
      },
      "p2": {
        "x": 89.91451263427734,
        "y": -285.3113708496094,
        "z": -40.00000000000000
      },
      "p3": {
        "x": 89.91451263427734,
        "y": -285.3113708496094,
        "z": 30.708972930908203
      },
      "p4": {
        "x": 185.81578063964844,
        "y": -148.54661560058594,
        "z": 145.00000000000000,
        "r": 30
      },
      "p5": {

        "x":239.82315063476562,
        "y":-196.86936950683594, 
        "z":145.00000000000000
      },
      "p6": {
        "x":179.18873596191406,
        "y":-132.44863891601562, 
        "z":145.00000000000000,
        "r": 90
      },
      "p7": {
        "x":85.33780670166016, 
        "y":-283.2126159667969,
        "z":145.00000000000000
        
        
      },
      "p8": {
        "x":85.33780670166016, 
        "y":-283.2126159667969, 
        "z":-23.092737197875977
      }
    }
  }
  